{"worker": 0, "status": "done", "embedded": 8064, "batches": 126, "elapsed_min": 59.82875377734502, "ts": "2026-04-30T21:49:59.071516+00:00"}