{"worker": 1, "status": "done", "embedded": 8753, "batches": 137, "elapsed_min": 59.84378248850505, "ts": "2026-04-30T21:49:59.923395+00:00"}